Electrical_Capacitance,Impedance,Skin_Temperature,Skin_Conductance,Skin_Reflectance,Color_Metrics,TEWL,Ambient_Humidity,Ambient_Temperature,Time_of_Day,Target
64.63677755436062,1232.3617055326672,31.581387403283347,1.075890685351985,0.2988839076906451,76.21719273124008,10.703731920200957,65.66608647506362,33.47958392451655,1,1
20.863609317785354,842.6821119969482,32.830363623595105,0.8397620121014706,0.4518845117710679,63.04505303838996,15.761893282422225,77.10927272448193,32.046134635066174,2,0
66.79253275145743,695.1293601959479,31.043204391763275,1.2854614865428324,0.5936847555429251,92.41481855901479,6.450446339089629,77.36534496184811,20.98838247547959,3,1
61.42368971776192,1310.0178719067658,28.501516972974926,2.439853050690382,0.40134115234357004,118.89555323196106,11.167042433523974,40.560412929397586,33.16233862597232,3,0
73.71241026123195,1021.3572863584731,33.63085673307465,0.8040971348489836,0.3496512357216165,137.3652615332444,7.767951719362491,60.16110678289819,23.32240323,2,1
77.23571462015525,1664.8952791876127,28.277362133811867,1.3578886668602885,0.41674978095675985,113.11048438529252,6.896983865063122,75.27910687865662,30.160127691222748,1,1
63.74043008245924,1141.6597006037937,34.96462740036806,2.2321912672233832,0.5602873385032788,127.70156470641469,5.703185005423883,39.13125651265506,23.749384718592434,1,0
79.43030852,854.075695,30.99642309616097,1.1460546915081877,0.24822148026683202,70.91753543077402,6.762844867815843,62.49319608512875,29.090225037191647,3,1
76.57458223475115,1524.888145489394,33.75482897895327,0.9005640357352518,0.5747691061637791,194.55277830305738,5.360580179178244,54.322119357093726,30.221909187757568,1,1
51.38392548614716,1139.1250758355573,35.66231840790563,1.5030359207003328,0.8430463685503082,130.59135105020573,11.891931914539436,70.50700453727306,26.812512052516457,1,1
63.34712691569032,1052.7895155856418,32.74577256085907,0.9684067418526683,0.3526185209995968,51.102956683164045,21.86289730059491,53.67174667970244,28.220322458437025,1,0
36.28094190643375,1976.1252037989427,32.10002119016265,0.6841339721649509,0.26825484502863495,188.39677094053582,11.665997197410501,56.01152446,23.85677755998042,1,0
59.812242321002635,1148.115324416294,34.03411978677618,0.5653181215689917,0.8629060862637516,71.64680655312223,8.339003580689383,51.97538902237759,32.80444892791935,3,1
30.58321919,1622.109769144298,30.311079511273327,1.2692221519575364,0.22461860846413614,114.81009275999266,23.370430608862424,73.82802453943589,27.673042913521876,2,0
63.202192192764464,882.0059330690767,31.564333109935127,1.8140609964682146,0.29293217144620953,173.4505361670402,24.7855989,74.86492478748693,31.593109045727797,1,0
78.38063328514673,1096.3915969441914,30.41012209,0.9830736834033635,0.39185797616623896,137.49608722763068,7.427438490972394,72.96624755,25.393147167800052,2,1
67.74756016616607,1248.332230177034,28.56745772907019,2.083116405,0.4133939604498226,101.45400688850366,8.898855379403196,60.300691596804064,20.396703538965014,1,1
61.63690667,557.6395234434875,28.39983222927743,1.2990375691738696,0.15454929581237017,147.84216692276692,12.100305322724934,52.77508476096101,22.14622093125971,3,1
67.83772194677321,1680.3550793829427,32.372617136258356,1.817322709879534,0.36986448707661246,54.218225941688566,13.596625150260051,46.71076686300573,34.21599206009458,1,0
23.813501017161418,1818.677461343247,35.27376164689248,1.6751717422188037,0.6976626137032231,85.97299283098855,10.16453626519966,54.20922491612984,21.582704696018016,2,0
62.958333730843854,1385.5215356881595,31.98031881716882,0.8364073115330364,0.5807563876301752,180.05174103659007,8.856792178844913,62.68889614780782,21.423263452213618,2,1
41.81777614275764,1220.8798659899721,29.49929555278066,1.5428980483337602,0.6320447912053049,152.46714285845698,17.748049624184432,63.452675765847395,28.084713116751807,1,0
22.156536427804525,1276.567465077067,30.214514462330445,0.6513994546195749,0.5761837861755214,156.45070152567865,16.37625472867746,55.203503987421215,32.70945118303241,1,0
57.73657080679304,1954.1184835029312,35.33308188672966,0.5622981855867821,0.5590926797416771,89.12738689431333,5.556821025251725,79.35500429620583,29.94359378516849,2,1
69.14613906045199,1594.2623429785951,34.90112376919343,2.2413769109148785,0.7157972982856697,173.39862027206408,5.621362604889127,71.93108980990283,28.815417042969685,3,1
71.32763504066043,799.3136763937177,31.649892071644338,2.316456977400646,0.5795689117269733,100.23174352054775,8.364731582169838,32.48905007615219,34.114486817641904,1,0
29.35967122017216,1488.175050066076,34.07518609934371,2.1656607535765424,0.31453949419593064,63.220164646503726,24.246761149624135,48.84053138871062,25.455882817035263,1,0
51.13028342756432,1951.7900522675457,34.17301528782886,1.6552635086888452,0.8478364139942267,58.49383360663371,7.617622771071519,55.797293926271166,30.63971442205225,2,1
66.33910350413836,1449.7270633910334,28.52807875312193,1.6268167289677082,0.7389246242853093,70.34922007405666,13.84132426,65.19683335172577,21.43535174087002,3,1
27.17565476,1914.0976612026884,34.20489480740262,1.4005084922857807,0.687321007,55.46915762384277,13.37865955967892,34.54677249565206,32.94012744418589,2,0
69.27543828032077,1091.714417855053,33.43696266188086,0.7331661491113934,0.3764636686966505,186.83123551722883,11.56510178554674,65.95114102168006,22.55228961716775,3,1
72.02433911480622,1669.7764833400247,31.901336548970114,1.946887324709824,0.22114585149597066,94.67890975853169,6.312521763556351,62.07898406216971,21.044688016223986,3,1
28.213137804128436,1160.2984969332358,32.11083571365414,1.8234373652879132,0.5985682984544056,100.77603191382093,7.7300602416716435,61.24718852,31.722846942996007,3,0
57.938349835614765,693.3048012101679,32.96742853982745,0.5438266575500179,0.1680451083913929,56.05007782,11.023511739947176,50.546645248137914,21.89983809270791,1,1
42.398558976785175,1726.6779947854177,35.15275442026601,1.2905186308623156,0.4056987955679786,81.61446491448594,15.06145200543218,71.96039765197295,33.756477577576916,2,0
41.507943712656356,827.3808317975963,35.879917249127004,0.8096572251954397,0.7148650647305617,122.52471276602057,16.03424744039934,57.835462827642694,25.54606716309033,2,0
29.977002125364763,1454.2660470623491,30.19257271473753,0.6012449445381483,0.24913584388317966,165.45971274453203,19.052591528758317,37.51553112419844,29.137930870899893,3,0
57.67402336945447,1299.436679827003,29.97459095361522,1.2490964867591625,0.4889389232839064,173.18891305592683,9.956248858138137,75.09580539189415,34.89745608400217,1,1
43.29019557239131,1868.5450184250365,28.093652885847234,2.092482901082737,0.14766967788251498,140.48681340260447,6.297985590768189,65.22468182058424,32.19039565063674,3,0
59.81010614648335,1168.8540595651225,34.86673341439297,1.9967117073314795,0.5330995367259507,115.17964449567431,11.744249808125716,50.331826344248526,20.87804900120075,2,1
76.98799479751544,1411.857639190167,34.77575083365648,2.1947758611427473,0.5678622490446327,88.71614648,22.09030871821499,60.33446615989429,33.739145059310786,1,0
58.97797394283288,1481.7668214217028,34.982030716529025,1.9374792357070605,0.6514483296821523,84.24968785529163,12.467063220636634,76.88523076896838,24.42663290276428,2,1
76.83700037670891,1277.6120329178061,35.95855435172761,2.461136454121447,0.3641247602524835,81.71468869983667,16.01090601239991,59.07124474345436,30.022709929368578,3,0
31.747468087357788,769.5246633,30.745338825381268,0.88185317,0.23069340671873617,165.82280414237573,15.074388691799125,39.453882688917446,29.27519460568186,2,0
21.204271866663582,1309.9356954208392,30.384417669115546,0.9762933073313926,0.8565997617807442,135.91554150304188,20.127121094872685,52.501211976390124,32.40737222641435,2,0
68.50384088698766,1544.4331638172096,30.796050976694552,1.0526382169317072,0.8907367951707849,106.96061072324731,9.713650692,71.80593077725213,21.484529351130604,2,1
58.253448281312785,750.5509191381128,33.254240837794356,0.530789783,0.5847975738168204,59.291977786848186,9.119763683769463,60.92925745360577,30.94517620470862,1,1
52.924027361995165,1139.2719533539594,34.03169522877427,0.8207308122394863,0.18438674196882854,192.15292655964194,14.930308444612097,52.81584102754812,22.610156720241864,2,1
34.757463703070485,812.7657715360037,29.09280722920938,2.178360789960597,0.18432110191716983,155.49158415986773,11.640014042353585,62.14010250810412,30.605467539843264,2,0
70.52713538814251,652.1312426738248,30.86972420333611,0.7019562136355222,0.5775561787305381,118.75452191394592,8.738145929002364,66.43075783963884,26.396090847379593,2,1
58.24579408989239,1311.9445029516057,30.347910585664973,1.142324305271907,0.5692991346269302,183.99567406821842,20.558188134970734,74.38757623358441,23.22281909637497,3,0
70.95340462965068,909.8892905,28.900643123295495,1.9648020981167582,0.3018495416557497,58.768698085531554,8.028208878721701,75.61272805505779,31.001027740023588,3,1
73.56030266461849,803.7208402478561,28.43707536000778,1.4680411450188082,0.2293556426191895,143.44310662750726,6.046943568626261,79.60460935144101,29.401757255777667,2,1
21.58201846983512,511.3443124672132,35.411060853840695,2.3759304628677884,0.4258924193702659,166.38158817045394,9.658036772989632,71.02882196669248,23.783036032389962,3,0
37.38508717482608,1723.7496874859266,29.125692224390068,1.775376493791871,0.551135653,195.51116850000602,24.529793222957743,66.01666845829965,27.49427617998143,1,0
71.13089002,1402.4177302194967,28.88798479033052,0.7742969763054863,0.11611027915943187,107.75870835784426,15.436617506103786,50.446361787833595,21.365544724181625,1,0
27.23815226603605,604.1357641,28.001077544035883,0.9374196006471665,0.7010231394990135,55.96956910034788,15.465724986004997,46.00905837142193,26.773205342261367,2,0
29.819356571942272,1422.8291573465162,31.872616557681614,1.6904256682537495,0.2342516765168229,188.55970938151643,21.14523298652501,57.11932800952194,24.261562238411493,3,0
77.66421904816731,1419.4093737417884,35.60742875602039,1.3154962100054646,0.13448008715865925,52.50073258994497,6.708169656165306,53.23447342225825,33.14438522785906,2,1
26.637904217312432,1189.170153,28.609913743788518,1.5933913641442603,0.1055858095042785,144.97680123436584,7.256810890337688,55.19443983956367,23.820807506863233,3,0
68.20885582309091,987.7850963370423,32.65758997275291,2.258371545202495,0.5462989405280586,126.6640732208597,17.570078001671355,46.27091403413039,27.372713387477397,1,0
28.209117855137684,603.4370245346317,30.478302873672796,1.2891446306378476,0.36227427030865467,164.77232747918958,23.23153774526105,52.76643749043011,34.66569219,1,0
61.053981590729414,598.0345111984136,29.80253543960988,0.6350050933676439,0.6275383696655981,159.1446706549533,7.536035982535201,56.884606429548576,25.19703930618001,3,1
56.70324477406113,1684.5477607137186,28.01252084153178,1.5360161328092496,0.886017018,73.17812449857784,13.17399124541868,66.90753774208449,33.54646260573965,3,1
65.05226406748984,1425.7174799060451,33.166579090291876,0.9980174722181798,0.23590965857524582,109.17190862582862,13.812062281183495,64.30121119679455,32.87560069641594,1,1
43.105863716115515,1222.283527268825,35.27701455549274,0.7307892843578347,0.14962941090302523,195.00592100276907,8.479547990436071,75.71702213332418,34.67758950399035,1,0
74.32103851736383,1863.5487809984616,32.46913917,1.0390237245845453,0.4534669638415637,105.64605688882536,8.285408989118562,58.95649020175246,31.84796931553308,1,1
53.405773580835785,1793.021723408934,28.154621047340807,1.6315631096819927,0.41449743856566335,163.8465247781046,5.322492927444298,68.40446892093333,28.782289074725533,1,1
55.14653488,1132.581390310183,28.53155075,1.2655975288727757,0.6005206315418212,196.61848447757637,14.164096105044319,77.28873585042305,27.962885514327137,2,1
50.64483815465394,889.6306756404892,31.41991750336492,2.1769836676860495,0.10088967535694993,177.80726237070394,10.693494776929274,77.25612243724434,23.504135480543553,3,1
57.86831755983577,1114.0010094725644,30.399352892055877,0.9447226094963406,0.25194890916604873,139.6712020102271,12.804770991679902,51.16790137,27.877112776544443,2,1
65.64710291701385,1411.6051923182886,29.630131673021513,1.2980706352848694,0.482822696,175.1246162312662,11.774659115488628,64.46396606129186,28.787945757918823,2,1
78.55112476775207,1806.4536856191285,31.176120329897532,1.2010410685723236,0.16414940544969064,130.33137096466973,13.862546906458292,75.68637470032297,23.01704813885566,2,1
73.43163684,1632.905630745212,30.880403727207828,0.8089844080098516,0.6935821836111887,91.13193336862204,13.211973944765331,64.45716784901688,26.73722304098319,2,1
25.322152025423335,1032.4944587479058,30.540694362088935,1.0572861262300728,0.3961857485476614,148.3264957769169,21.142140406390254,75.20174932272796,22.320272722772916,1,0
77.00371802,667.8794290965918,29.124423740626888,0.7601613396578939,0.1033499549023663,91.02117730624697,12.044619501414907,52.33443608723324,34.70972329346074,3,1
67.64151135621776,1702.3056678244843,30.324036045371365,0.8812196661488996,0.7928285400366052,107.42500921526529,13.991667058405246,67.41876247140914,32.81926194727753,3,1
79.16006382937226,1538.9389283392468,30.074679178536755,2.1088281193549467,0.24471352110311867,102.17335211495688,24.37629381155609,57.87123723,28.476084245550403,1,0
61.88970284118471,1278.622677704327,34.62015137685042,1.073039097854246,0.57943943,127.81217706720642,9.023504645777589,57.14390661804026,26.367392490148028,1,1
49.49695250700994,886.5243327668205,34.009424382467344,2.278255848,0.4540618767462523,171.60253555063878,9.949259624662927,77.20206391404636,32.32366537641257,3,0
51.209810066719605,1927.1050133099855,30.790564271755834,2.1076097809669503,0.8462023512482506,89.00720603786507,11.682093041731266,77.28367685254022,33.71876652832621,2,1
30.89586300808554,1489.0308833086742,34.83027937363734,2.1019614008067298,0.43391582586331834,52.536919988241095,19.58480498195136,77.23750401051059,28.49665528,1,0
56.38574358,1232.9647856069987,33.91923296613544,1.8538815659936747,0.1864356475011257,196.49264559725137,6.8083795558332145,76.69937092563086,29.961111817997512,3,1
75.53411077440657,777.7933518012019,29.293371489895694,1.1950375906275092,0.864358553,197.2075001,13.526365879814026,72.72843320163204,31.51791384688783,2,1
55.44999563414065,617.8677457325311,29.56878170190714,0.9069454849951917,0.7424095052210564,158.06851121941344,14.04430200203436,72.12320534177876,27.65589082,1,1
21.885751141204054,586.7640148450946,35.32072054725634,0.6852509661027344,0.6051002608386008,117.36177712023138,12.050584826010347,30.458277509190825,32.24341778,3,0
30.392112194600912,1802.4087581125707,28.64144011265523,1.7647826486567748,0.7563900675842199,63.69886015003356,18.01943490437089,64.69316711641973,22.69696720242613,2,0
60.11859319546586,1733.7208454515414,31.03275238937549,0.9738666498132973,0.3386179633872982,81.75715582219563,11.187371241600257,54.12118007973645,29.09324963331149,3,1
24.880926838513986,1510.1486499873758,29.233160345427898,2.3582790400309257,0.29253641180572243,176.5719295487459,15.59067230044915,36.37040358477145,26.208890870788835,3,0
74.89075406,692.1436195493001,35.94604012338371,2.365109756838624,0.4018905414373206,182.98931622535974,12.332754001929128,60.28496202299378,27.546024839480424,2,1
22.718240586322672,1056.558144476904,30.89535992670292,0.9045083610490698,0.5437496198306938,88.64479981452936,24.60010926393634,53.539249850635365,20.49238248,3,0
76.93313223519999,680.8503286659183,35.77604264,0.7027457951063183,0.8940654363902107,140.0874795480704,9.673808976507273,59.33839539222956,21.639191680522398,3,1
73.68964102565893,1698.174853660498,35.56558517600226,1.0749233297945002,0.5449525541040093,62.74494348341996,12.883809891998158,54.189844829139815,30.39754040380769,2,1
60.30204106435141,884.8441755520457,32.908832913899666,1.185290293045043,0.3266275227940619,174.22788039851793,10.37197865829195,79.46083417,29.887333169002016,1,1
30.712679723260017,1192.3362116296848,35.526276164024864,2.3686082283349803,0.8069471741503919,122.88284092844198,23.63462849507649,71.13239635969447,30.345523022928028,2,0
54.246698280134716,1170.8038107572534,33.25882785736103,2.3212114344288435,0.6763071988691566,144.25206763241664,10.92353531117997,62.113908175355746,33.20632854310407,1,1
21.591932232429183,507.84442031436913,34.124374004126885,1.258080971,0.4870881750914492,131.44106667339918,8.991432317918775,41.05738050553467,33.68876326887234,2,0
36.40442431584238,960.9349473894299,35.65958415230477,2.0185850138369474,0.8304331735118848,62.21708193367388,21.70488120317731,57.380805032687356,31.720343275928006,3,0
57.65348481,508.63799074718236,29.190367755240924,2.342615024425951,0.5562295509851124,159.0527790521201,5.200939621096632,54.816138564218946,33.98200873097424,3,1
50.456622721067305,1097.9945416584696,28.079390569022685,2.0504881036698985,0.3752732942795537,152.51441227359058,18.540756297640204,42.83308449479572,23.957091124195365,1,0
59.08522330111185,1677.3454656672013,30.372479297647445,0.6682553245187657,0.7787774195250118,52.94772241202717,18.46016332577354,75.06296038982816,32.95365504708719,3,0
64.10426262823314,1485.1049968119382,30.55093454656911,0.567352808,0.8024268102755656,147.24462909482023,14.192295034658528,64.37184304704337,23.86909260180351,3,1
79.81245511075684,796.2057348,30.00801107,1.6243776221290502,0.21295925082974795,160.40531006390984,13.977027313040061,54.700583529965286,29.857964924600935,2,1
55.844786130218495,1151.0290492608128,35.46339890055738,0.9676256661861282,0.7760317191173141,173.81598436229433,5.402434437061481,43.943596313048246,28.654387251814686,2,0
47.133076453388426,939.2330550514471,28.233358109162115,0.942477393,0.5026761044849233,130.21991994217888,13.100021971750968,34.75282684162822,23.931694580251946,3,0
39.42075418425462,762.2579408906188,32.247501427296754,2.1537171219455065,0.39530895504736363,84.93187192277226,20.80262747452217,33.61786288706633,26.420290286594657,1,0
26.430320680386565,1890.766729219179,33.70436840507455,0.687553053,0.2098400261724562,77.63729773590114,17.78749601085551,63.36755815,24.337897279488047,2,0
51.77903470136039,951.4453504202244,34.30757874602639,2.1571111958121625,0.6547377024450471,190.72717587870838,7.712532320146268,55.09677903904303,27.802403345365935,1,1
39.20297606183671,1495.7067914327076,33.416965117880075,1.9963678240976928,0.891604267,102.20779332159807,6.195245483567689,48.180572459503196,26.81724099433035,3,0
66.13924491083063,1120.3236522880272,33.90295614849224,0.9650119844156624,0.5441070294025508,74.50316746147348,6.508243519855766,72.02213753,28.12003074051901,2,1
65.20269112,1757.1729344721653,29.556990693638976,1.930200323,0.7393263768838256,143.03522734416805,14.684262786952832,42.80105865307566,32.88008082394244,2,0
78.15815213714595,1696.7204732879518,28.998566511734786,1.4769912653198107,0.5750245055547618,164.93682091405685,15.563554428460343,73.57759282291238,29.804847146084306,3,0
78.16822599652212,760.2867724797629,28.89209769857021,2.1028915524459073,0.6433300546556502,156.83303077657382,16.105916506563627,33.67816771078828,28.005881205071667,1,0
76.83491464303152,765.7246841710789,30.41866599481195,1.7990178594148947,0.8825765348212466,79.86401299038886,15.783875882546287,65.39739133505945,30.33663622230236,3,0
79.06413084221313,1340.9901416242565,28.627646530536992,1.7455068064796821,0.869240586,87.24312194462689,13.542248928386682,59.83614950531086,22.569868166815624,2,1
53.907991015352536,608.1265039980101,32.97874611693797,0.7065300177500968,0.7265291447389578,196.61572763060184,11.256892560113362,38.22626861964062,27.60155061076682,3,0
54.874293285356735,702.7494337322341,30.494910863335065,1.8357358134016268,0.5062062705508551,110.82075144956278,12.110595943040153,64.47671044527075,28.842062046398702,3,1
41.03525352839582,1733.9214777705176,31.222986261061095,1.416862848262876,0.28486468229959694,189.60083833435974,8.096827892949099,55.01525781772574,27.279210756652972,3,0
52.95359988236723,870.6548510152197,35.26088802045244,1.5968383259871253,0.5645161807277073,92.38254012779583,17.362059311233935,42.29998701533976,21.963968781901663,1,0
36.61265888883222,1492.7587847740679,30.163146291076202,2.1902417029920693,0.8003909203167172,86.47699703963389,12.425418410107875,67.22096269,21.465609130801376,2,0
57.91023273018796,1296.754292001548,32.04364094,2.067476502150473,0.42863104799968943,57.39417391466247,8.983137951941341,54.262780207362056,22.002733270292293,2,1
35.10693774952185,1021.7138118532896,32.32635003988435,2.341533216926715,0.2076610136832862,68.91729835631159,12.233321663900856,36.628703874224115,30.552925102722956,2,0
73.22518545590704,1624.477747614387,32.373185761502306,0.7051359251671796,0.4544269650700955,108.08347118153105,9.186121516684171,76.62219891886754,28.657996196338424,1,1
58.10561905205863,1018.9024888204443,33.429359653380516,1.0418853966327308,0.7398266915566267,52.12949517075855,10.473327698429154,52.747538842099985,32.167439058186986,2,1
58.59729310654119,815.9932835084999,31.376274081021112,1.0438920788368975,0.5834874557718169,84.08915803394935,14.314511553349952,52.69232819034558,21.989059861202165,3,1
75.59525750968967,1462.957250664899,32.82794476834703,1.4787850748131774,0.2677522219441607,197.37238709018717,10.413672086034623,65.71937810186462,22.592300771846784,2,1
65.69063790304833,1273.3940428688752,34.61365888,2.4813583141315316,0.5375431007883815,63.286750945496614,23.82557857813596,53.00513133,28.815548425122145,1,0
24.508266904148527,1224.4533081280329,34.53702513612468,0.9521581420211254,0.7712797590396893,56.68821391,21.69913550104234,40.98613750551984,28.30141551180602,2,0
22.713120206371364,793.6669785253191,33.01274008874568,2.205094842491941,0.5404253444769805,65.93207413826843,15.169580706160522,60.47338817,24.78975320032061,2,0
64.78948430708145,1520.7489531120696,30.25216958731944,0.5039842704381405,0.4985039548384339,161.35549056346727,12.331023747584524,65.73511581911288,24.700515416859172,1,1
48.12158958769822,885.1648515807619,30.230078979316424,0.7945511271041819,0.4437386906841184,55.15652875275878,24.971216131712573,60.63421723373036,20.33756491,1,0
20.277921380276172,682.0796272391096,29.82941423682887,1.225119593118189,0.33117481993684683,116.88299297897117,15.406472523827714,49.057344101736774,34.89205967279022,1,0
64.46723895740354,651.5687165,31.663966072028572,0.8714661440103713,0.43495611466214734,71.20753313245103,13.553381716483381,67.41194030904501,25.82796722009063,2,1
74.24952167,1435.7889870148597,34.427861946375074,2.0540985713035123,0.2105002345121978,175.4567866115599,12.729251286558705,71.03207801772393,26.72241310053503,3,1
62.41144063085703,1981.5835846040472,35.03665483961223,1.6953365654054062,0.6460259676301773,195.86920850418534,11.141754867204973,55.18458806187223,32.499069230537714,2,1
57.93585727517182,836.9234177657779,30.973792531218745,1.8677329036706865,0.31919047957597746,144.5028020928241,24.360443440914775,73.45495343623642,20.737377854321412,2,0
25.494924399598048,1485.4327344007093,34.92236607,1.384214069,0.8179178546572691,152.66530416039612,16.59474229879544,43.65798101849725,27.72394243088724,1,0
61.30414378566416,1591.9089604606477,28.41334977326369,0.6907218425460071,0.6824931498689331,135.0287649941142,13.588957941574051,69.19762590489205,25.640626866637348,1,1
77.74683769652668,1737.0214488877239,34.55250811089325,1.2422258768602557,0.37418474034232574,136.34978794961296,14.327491890090972,77.28882486231736,21.804064446929104,1,1
54.29676136819399,1884.1357857700914,28.994947192004084,2.3582894344233747,0.2114032566277632,125.09292985008965,12.453142597882945,67.36123225442935,24.73480440473486,1,1
42.61666576549445,1121.1946287933906,28.604840324934006,1.6557822253881767,0.5970644993245658,118.33501729851632,23.76895280820815,33.93492883537547,28.86130582029597,1,0
27.089889657299373,745.2858088775341,34.579378989346225,1.2366944275887026,0.14963313356524344,83.65744696996933,17.010695364128296,51.54915314236292,27.723912632910082,3,0
64.28201698558223,1678.477427120348,34.45656723093362,0.5787836673856388,0.6994955493159656,171.6402789008916,24.119601176521446,31.929578096906692,32.797594679700836,2,0
73.78014911126718,782.0371019231243,30.25977941096003,2.165859431148456,0.338381788,100.31102202445204,5.0731262268929855,54.522720425989235,28.678780228894247,1,1
71.06820029101141,675.9622834435918,33.35360210350463,1.711275778646823,0.371444214,154.57493814355257,11.749540914259438,43.26425445430262,20.16005190509244,2,0
53.656278292123176,1826.3096950226118,35.58150420771577,1.5110175207797278,0.8089370352447944,141.55640896725382,5.169911572144191,53.24273904066354,26.197917182041966,1,1
40.196256691635234,967.7241996278893,29.004401718101228,1.1350994005151769,0.630516999,134.68911219354823,12.579118196250151,62.235998869090885,24.844681000457122,1,0
53.57841987849307,1906.0820997456783,32.640710677355635,1.209795366973108,0.6085162575620906,116.40405529511538,11.067285644283409,78.65723557134544,30.428444836216034,3,1
66.27622080115674,1076.4899707395225,29.910369691052313,2.393467457846791,0.4432498954421328,142.1279366478517,11.462904345588345,58.69875875158709,29.14292764631095,2,1
57.454279754839526,705.6645585934986,33.08763765730983,2.2691737764592275,0.7419214275610594,153.00179175861942,13.157884735603808,63.11859299563768,21.515423697368877,1,1
58.00422539062541,1389.4099022625546,33.23434041859969,0.8985406729336016,0.5807296045272689,92.7808704,10.394849317475341,55.855896542845976,26.12356279019448,3,1
46.338285242338166,620.1722695770127,32.05929550974247,1.9454755044776093,0.3216553997707197,100.37245469623018,12.235366238451316,78.34327751466968,27.151308132624923,2,0
39.32474993,1763.0499415646318,28.84291937800685,2.3168691037587505,0.35033563842305815,172.92435280790784,20.88269123464545,46.63450898,26.375036211847963,1,0
49.902066364368785,1717.6546821352063,31.182693004017256,1.4182480465733618,0.5376362764924622,169.45860839295634,23.082273209590102,37.9143128,34.15347825735466,2,0
51.21846205,565.1187992822288,31.256851913005022,1.1048390225570728,0.6351012248325483,88.62188247387039,7.888729683101552,71.48219026764642,25.821821851527456,2,1
52.165781980647225,1218.7728164445964,34.11622235723774,2.105280624705859,0.5109662841722439,57.67482596682139,6.601268050579312,71.64467974436147,24.639863365373344,3,1
31.28726958342568,609.7938856526655,31.092324054584225,2.2658296330374443,0.7369948875651098,91.19988046818581,9.353995977144649,58.47411940682959,34.07867359,1,0
49.55106162913184,546.7011243267671,34.81811099512945,0.6154643184502344,0.8290713520629046,111.6097315236518,8.489969727959103,57.19389605805588,28.85639154661837,1,0
79.19091492757877,1273.5191415447466,35.04125390337188,1.5025512892514588,0.5834503857922558,65.84755182,13.83707416182128,61.07322113283923,26.181404144488088,1,1
37.192475127697065,549.8046631870499,31.85632846489666,2.303548057092457,0.3763846829787566,64.50418396813507,24.331815404466333,77.42125777707464,21.11765693,1,0
44.05108500581839,1420.9003771400926,29.575405635627426,1.4279633963337748,0.8242391992084124,172.95155041706886,21.101867535990525,76.21092174,30.983568711384315,1,0
56.80491175614739,1719.4786080741403,28.49966074895257,1.1705581001565915,0.2395274136891996,69.99263871232597,6.046657146013256,71.84639164223118,22.78288962886579,1,1
76.48788852659152,1599.6695336229216,32.61759909387641,2.3781369589005834,0.28141810025571656,127.27505425798832,14.109311440127234,54.00674698191866,27.75681332169996,2,1
21.52514760464571,1669.37671,34.383313276927154,0.516639884,0.30687327290782723,113.25689262888746,8.963927728433363,41.83165657350044,26.61132415161977,1,0
63.85204851221866,858.7701563238884,28.18875971716423,1.0220970524696962,0.8365531206228957,71.58019495149946,10.823929099932483,79.27620666,27.435755151174135,1,1
59.75133706123892,1423.7947822734568,33.78251442566787,1.9091088560548906,0.4419891632722144,140.37037556858996,20.177362688358993,49.15294032105018,21.511292659393643,2,0
74.06948062945935,1049.6923023070967,35.84789902530148,1.6856803610162203,0.6938171138018294,198.1052708,14.826608638242618,63.933004691344856,31.48644982,3,1
56.40290278297135,944.8033719314828,35.68108483524358,2.467134413027326,0.2521030130549645,172.3933684,14.287004997642834,45.76083687,34.88023954095254,1,0
52.24373617627537,1465.856380311696,30.573359917276388,0.918118747,0.5356442597237404,76.09455589,9.305380915716686,52.581949775941894,33.177961238107336,2,1
34.25825263954398,1807.7652916178479,31.60280783,2.149486474694015,0.8661053170180704,121.12369188186194,7.721124688632859,45.72170529057027,26.03442017114478,3,0
75.25051295704233,531.4174415463692,29.301597950468526,1.7279406126504653,0.5094243652555845,92.22159536763792,20.91088783853296,51.575405992382116,25.19399076181896,3,0
54.59098853085521,615.5874187014967,28.339378385655134,1.3362895763255993,0.7494453746807092,92.19268453295511,11.200680480249002,53.76795338404342,24.700541096455368,2,1
50.35332073306796,1268.3328812190116,32.55631823653683,1.6896947590038192,0.14818155592023796,194.81729519009318,12.969575242184288,51.44437156751053,22.10980009,3,1
55.417696550888465,958.4063232353224,29.8433333,0.5785388284833046,0.8075829820774073,110.94983464456517,13.321413408173724,74.03252887,30.98435851138544,3,1
51.95703598730139,1098.9738737139623,35.72838004102942,2.341479300685271,0.36305809427888747,138.16976740575274,23.137331546796716,46.33109528740044,32.00546282683018,3,0
69.08088595534959,630.4801398671152,33.07737018603153,1.8457433371961596,0.6437065459161149,131.9610611318198,15.194521505763595,33.523033883347914,21.904040865112645,2,0
40.95257447675965,1807.3052092285643,31.576444350451403,1.5112683068439177,0.24931195183814606,169.6997052828836,8.117030731,57.08801599705077,24.75026534025389,3,0
55.210467081252744,894.6688548662643,30.958506047897412,2.1551061045480937,0.480380572,80.88229822674818,11.412398131004535,33.662280205369505,23.416675124267023,3,0
72.64832081162318,887.2001490516914,31.44788176410637,1.0191528985500984,0.5528147399102568,51.36305524268245,9.933128936895557,58.05751062175872,32.78808111283951,3,1
60.35110736462231,1178.2985424251528,28.247646327354747,0.9640363606176214,0.36829728497396996,123.6529644003365,20.238687514861944,34.295519410141026,31.410572090658427,2,0
73.91325131162475,985.4153287243118,28.336197401371244,2.2176335423363094,0.8707839579794621,157.65142366902495,18.00510142187323,35.63046146746103,25.658779785735433,1,0
53.32590233615765,908.9360011003007,28.11452222133648,1.0987667474106966,0.3451323594808291,169.25173053927057,5.181963626,55.00989677613926,31.810232726145607,3,1
77.81719862535516,1881.2717717235303,32.79182806541768,2.2410539325387684,0.5676344906075665,118.53321076059002,19.402226670298916,38.14513272,33.69808942721259,2,0
51.88127789408888,1904.3183693655346,32.576389146954405,2.494364707805901,0.8516548712201326,51.576983681248024,13.853096965208662,51.51582140211954,23.885527161550208,2,1
50.315142346871426,555.0071404003145,31.277031159161858,2.497785224066581,0.29667795399472024,193.72071797067443,9.070222166637729,58.620386298388254,28.749993649827765,2,1
54.57730161000879,1029.8771127530963,35.54961274256176,2.137480458968102,0.8275436029487012,90.75763983472696,9.387787783924926,79.31749615,27.21179252269591,3,1
51.46341616,766.1431542045602,35.603673364602365,1.2469158902654105,0.15522954952909995,51.11947106258291,24.15533316352445,30.460044881268974,32.915132319620206,2,0
26.72233413008314,621.3789245768783,30.942287902049223,0.846992101,0.1377573613579032,136.96892657494325,17.675665694945753,67.46576775712171,22.15531437776319,2,0
63.95432583261502,909.6062149592186,34.28964521808847,1.0504783620740166,0.5200394721963078,170.76788131319972,6.213661379013646,38.08188468922959,24.12468788,2,0
24.96792007550759,677.5042864,29.561924823651935,1.6478997321380209,0.5365567750504207,110.0534940259746,15.626799064732182,73.94405729564261,23.96895667821545,2,0
77.01424122924814,585.5820817268815,30.320364255699495,1.5598811738604659,0.7525963045008968,122.7935951092573,11.91240337801579,75.42187739361324,21.618868324474906,2,1
59.5216179,1157.9231287843857,32.90058774675855,2.315677027767068,0.431312855,93.12667990756385,5.750573150636063,54.81475627503198,32.786583284628094,3,1
67.01918076446859,752.0213116172952,35.248888017059976,1.576045410727806,0.6399145624433238,59.79151363496958,5.117294557743226,57.114998781053956,25.816464927946246,2,1
57.44893447094804,1994.501506440871,33.83475835270397,0.5127580868131814,0.5276473753250469,156.56327225186175,9.011293191761398,56.874687683661726,33.08694222625511,1,1
57.08769442747375,1944.3903128563697,28.708837711757432,2.229317844,0.42025026893839523,143.9082063471202,14.896519032010927,38.34148524751314,25.970822610184065,3,0
28.182288535206187,1670.7882728657928,28.40180809171179,0.6139574539947366,0.8038019218354749,89.53272192451666,8.67625779,35.66935477762863,29.842191377711632,3,0
58.755034479896075,1095.4722756114252,29.695952437589263,1.7302582810823997,0.2513566339122839,194.40988757917086,7.699569721432842,53.84959576890875,22.336274342982946,2,1
46.84474200940728,851.9631227831803,33.33108330862565,1.4722609704298482,0.8619094019189797,58.550358132790095,11.75997562,32.19234262,32.13466624420563,3,0
58.452484688192875,1986.8839905532825,34.431668060420165,0.8509832547627147,0.265454315,128.7977396676082,11.033244832622977,71.99991116219715,20.143084310383173,1,1
72.11594769136761,1110.361941084306,28.315676263127195,1.8355211832063059,0.22698941069944764,178.7484408318287,6.411001274197892,62.539416042345096,27.802711048501394,2,1
65.69717691972306,1821.3061387983926,30.783531292657333,0.6280126932172418,0.7809205883407854,163.46766319833677,19.466606079879263,53.090324078100934,25.774380839563356,2,0
43.033473282392684,528.7884152,32.62638719536289,1.8270471878269046,0.251900263,151.1440360550037,18.583433990759858,38.56367053331198,22.243239778354166,1,0
52.613171666839314,889.7198131175513,29.17570167670568,1.3223949777650916,0.13116627707877138,196.99331710374176,6.481498144208954,67.08189093088104,21.557590791663912,2,1
67.37708856767324,1260.8522130325887,28.186816770625487,1.7474861697280182,0.8653763471114798,96.42043236329013,14.305550625518466,64.50376770943988,23.804637115120634,2,1
46.40914962437608,972.9355067459155,30.007733290722385,1.537401989,0.5622456402008678,188.39056356409367,22.33191377191007,63.18123603836498,34.59568024271242,3,0
27.02402098565635,1801.8774417800332,35.10722937846945,1.6738730131178141,0.7380112362371887,157.39770403125863,16.816090670358317,63.289220073443545,21.954859200534923,2,0
51.38587065020893,1153.3749722193995,34.35368530039524,1.3037743997814601,0.5604747429120657,95.61419539569258,7.537456561261866,52.336976265569646,34.343317604654416,3,1
30.16956480116555,1528.347930843457,35.03183120225814,1.1744131511315041,0.22953840530577097,179.44394349695276,13.006597368215164,46.033137736821615,26.192590966383598,3,0
38.27682615040224,1009.8124456520992,28.912766279103465,1.364037855189012,0.8818239460531578,142.5791341,19.273205662243075,43.24835307777215,24.07072092619377,3,0
69.72425054911577,1652.4101207967774,34.451228937862716,1.6980891743007631,0.7122906910864326,125.35577299581432,14.838560480782586,63.854689239182214,34.22981121354486,2,1
61.82094445971608,1088.7403346100273,32.733577298450605,1.4485100419539072,0.6185867750462768,93.63152813473738,24.628428498440506,39.57448074540597,29.85678259,3,0
56.34648916141323,1879.087959821626,29.725925433411632,0.6004860196459643,0.4687186705652655,171.92764573051366,11.934375224718224,68.89388527684386,20.534182254092624,2,1
55.476526144695754,943.1671662161305,31.991165316287535,1.2184174939653807,0.8273617089651897,68.05672242583007,9.711318691890025,42.67468766285952,28.79273531132512,2,0
56.951005883132986,1138.240001672113,33.348581173783316,1.932794223916198,0.38248231115071163,130.63102154605195,6.461701820523005,43.388715730205874,31.294792895587776,1,0
41.20113368156317,1502.3191978325244,31.938603840009456,0.922463663,0.5880863376289878,100.06648956046968,7.612687631147194,33.91691088810033,34.66990135607352,2,0
61.083870353232754,1070.2934281787857,29.603796124227223,2.294731731581864,0.49699137752065115,96.53529256170572,6.6953230885266635,57.84091801391538,22.300472411236186,3,1
55.395061211277984,1135.607380473144,30.362323952383548,1.9500121525982375,0.8179085739709719,53.6966607,12.123878869227589,74.70497680530796,28.13050017645803,1,1
71.18056733,1424.975471781107,28.919463976476536,1.7628378424367528,0.8754574498273432,121.2662547397753,6.722715430980726,70.62068288119502,31.967035583129118,1,1
48.33289550971696,847.5075520751651,31.04336006,1.0062030783592175,0.1359974569883395,67.88156642608601,5.422996466988326,34.289714244974476,33.263677608934316,2,0
55.00350768596723,1455.004523250811,35.685015804105596,1.6537147622654005,0.8007239399999156,90.44450131507742,23.77438603955726,47.09672467873633,27.437292089728086,3,0
47.364199053022155,1916.399733670151,31.35034655259329,0.6131713122934312,0.6384737047289736,189.5247804293825,6.8144176549566176,60.19015394218767,23.451267377862127,1,0
68.63319984690997,1847.0458234249804,31.814747746542537,1.2711951850266667,0.8172597267752082,165.16469265715065,19.54325619480277,41.96055440171094,33.84949262404894,1,0
56.71117368334277,1546.1304008702598,35.707155473708404,1.071516649185412,0.42904317765298505,150.0391171188021,13.359681710138272,57.53452723473973,27.468037707714785,1,1
77.99928914262017,548.7892692368779,34.65098811508568,1.323916190068204,0.19635787199725235,179.65493996839598,20.94841107883329,73.13853887296128,28.863078844613877,3,0
24.44267910404542,1519.4709240396046,31.609914753447903,0.7118116088075153,0.3207381555044375,85.49146741,15.882172478789371,61.87023061305918,28.777921780892807,2,0
45.69104889903886,696.8673165235814,28.50912727429314,1.500225504153254,0.3007032799125602,169.67070220116088,8.335746703673482,63.42733475569927,23.24203718466381,2,0
20.331327027416144,563.1397844545428,29.63905019,1.1258147884272964,0.5753934618468778,122.75269812860618,8.377185787340707,61.15862122660936,30.99085123,3,0
43.35210072404979,1766.2556734537957,30.916749825580318,2.2160465420144586,0.8591845336376011,194.99333313441613,11.581475589214559,63.48056282687588,20.055794912270887,3,0
51.12743730460197,1776.810371073153,28.635252677144237,1.985762987335878,0.683022444,140.48195931492563,13.209974273947587,73.34276065,25.943710202246088,1,1
55.81057093501335,1762.900350187713,35.762056877808455,1.3522424759044616,0.1314120413189282,136.36887066834646,5.776258956236042,65.45903518972023,24.99227541637508,1,1
50.97802089807172,1571.1303981986416,28.696742134366172,1.2450665475191016,0.4814711021864996,121.54750889264807,12.523809375392442,71.64970692765002,22.67943315131449,2,1
51.470683374215284,1708.8881001764316,29.593722199152424,0.723186,0.19007237322335557,97.12430957554582,6.265068177973592,56.390605414781035,23.212643791093804,3,1
59.820269921758886,536.2876458370329,31.044141678959157,2.4476008267142992,0.4800802725533764,168.69660714690002,8.978595595900767,79.13262057467847,21.74668286127067,3,1
60.31356462,1809.9843737912115,34.84024161295948,1.9629727194062316,0.4752325980145232,144.0203945097266,9.117746215331987,52.86152098097722,26.643711470629455,1,1
77.90161463999075,1542.5528432878298,35.793555550530854,0.6578788058931111,0.8965875616410585,95.56025693376492,13.755629545992399,76.11538877417924,30.372583187203915,3,1
75.48161709671376,1448.9328397009222,28.26551483649941,1.119613750644938,0.645753351,70.05434815991543,7.326634542665225,69.00420118674825,21.034850130656892,1,1
53.231257064079244,1643.4277021649236,34.32407835419908,1.5718701577042364,0.38624899946847446,154.00663077782787,7.341288259637253,30.63827132589487,29.75138676709897,2,0
75.77174865486955,1992.2994757546508,30.398404220521886,1.1237588715274505,0.3566836341998749,95.23803048103272,13.302143537098651,77.70658207855362,32.67838337,3,1
71.64383499538062,1112.679819606048,29.32763916236628,0.6622983570724783,0.8567397152256693,87.46162688440327,11.00134166,43.90718202244554,34.004230667526414,1,0
68.44640930984374,1833.1221198034657,34.42882828353228,1.0416126560739452,0.3346827371528079,97.70594175417799,6.040475100588938,75.37315881732127,24.349810889662127,3,1
46.248495321423746,643.3029707520022,30.24803599126971,1.834424674388362,0.2765208476973988,158.7989586103817,16.202319660186966,32.757829530089275,33.49864315032008,2,0
67.71603871159341,1995.0452807794652,29.82588290794959,0.684721056,0.7751035289847432,64.64150571634875,6.794018380296915,51.22863035929778,23.22116753612536,2,1
54.98249365818153,552.9670324103586,31.332526627858336,1.0023385350968026,0.3461432715823588,106.37318285119115,17.86739450139521,70.15665445,31.331559087733716,2,0
56.189126567983294,1114.8573345444324,30.762735617959102,1.285790217786358,0.2632515108372805,192.0729404009532,12.994391019488551,45.746661372946626,27.792527821474717,1,0
44.52405026588578,1761.054542,31.35558395165851,2.154604299474492,0.28998664413550723,174.49093898186652,11.804459889025141,74.60371755468103,20.065393699348707,2,0
62.800975153073146,1634.244993342869,33.061695029988805,2.0005315278776843,0.19596235338477586,163.49698240285983,13.240354779033128,54.43024629389924,30.113294486710956,1,1
63.335154103583974,1156.4046860830879,29.325998238561247,1.633210517810926,0.3462553200208953,71.91448483119804,14.06832461248536,70.16522867590167,23.45957960321396,1,1
77.02468904459352,1082.8371519055186,32.70985217705056,0.5634875307459772,0.7241701188285069,141.4522862413666,13.487440521072694,59.96387589117959,23.47374486933499,3,1
67.11055768358082,1211.3213249861956,30.081262327696408,1.2478420940256272,0.7594803577994796,129.13819599082484,10.253909540038705,54.667079402619024,26.091231988396565,2,1
55.058858715386016,986.8787448504054,31.701404840523146,1.6663816085541951,0.26808575432988146,153.93803438371827,8.896809833107282,50.18233472467389,30.808796290559563,3,1
51.363969762919645,830.7293136052631,32.62074692704926,2.454013908877887,0.1109459318085449,176.5990207913037,6.045582065375193,71.77858525453243,21.245581367152795,3,1
62.244786085953415,1030.132068954077,34.35612435592599,1.1129269360856406,0.6761259687447522,101.14429604644828,9.803031920440283,66.77603528967906,22.55795584090663,3,1
73.23276455457959,1986.7529392054648,34.57682528480181,1.6658521136085263,0.7795571249805885,136.52118794573838,19.185922542815362,45.49235583766399,20.780687581341972,1,0
41.65843381640161,1627.0626290435684,29.05372022863275,1.4850707614285785,0.15475256739410093,60.831977800278196,23.57015503887557,35.84020539,24.440982650584207,2,0
76.68594379294568,682.8291400054213,34.673156776005406,0.7593579564484707,0.5703933035710662,65.64696310278232,10.00717459141711,65.06466710441921,24.858433288705687,3,1
74.38126310568416,1355.9146199582447,30.778216312244062,1.2462452368447672,0.7433324519871073,111.67165047199805,11.40597484993485,60.20024989,26.623209333197458,3,1
68.13181884524238,665.7111696970919,30.06896667910431,2.4300307389089437,0.8833212440804925,100.44850914055003,11.680910968399193,54.87830416943629,25.000517571748443,1,1
45.89957277378076,631.4641201457578,34.140541028143346,0.5609273726179203,0.4067177128466072,68.91652125179375,9.787396726840926,67.62046166060045,25.571950090017072,1,0
21.23506965774815,831.8141627294033,28.26890880146626,1.5977173301547118,0.12773816338085311,74.82496619954834,21.07386903754605,42.52414733748817,32.591120564139075,1,0
58.468857973117835,1761.3073691388838,29.673483723263423,2.2967729331680697,0.2868538888548888,85.25469482,6.094899645191902,55.910915781796376,25.08454889259232,2,1
29.673277235240263,836.6608578,29.61612534721992,0.9840441599617544,0.5002228281662083,179.76066490630907,12.525186586608438,75.91425176899789,24.578217951932885,3,0
46.16759175,1583.1064073041055,33.30437753442738,1.290310595,0.8331913208924114,62.63195167656475,8.455146365621747,42.23999365008629,27.243416548978978,1,0
73.55353990939867,898.4000638830591,28.667712679915066,0.9967525207396004,0.21462516696211287,163.6664840562737,10.300945748185665,64.62864,22.575649834605322,2,1
52.14648104448551,1615.2623844374116,34.73158042467808,1.505262485260261,0.4039832631723157,120.2835491886702,12.446141971460955,64.96564605776518,27.214124121264554,1,1
47.76078714017639,1741.3068433503115,30.92544598609097,2.3087195499877144,0.6749744906097619,183.64608270360557,8.421719337,60.18775719188065,28.990453276073985,2,0
71.50476511,1146.331285492709,29.23567797778659,2.150831328247896,0.3372899857256745,63.86742755555999,14.963785983479582,38.124920773722074,28.845935541146986,3,0
60.29439173556798,1325.3398132343928,31.260344248259447,1.4690759901600217,0.6195030561892979,57.39634807,15.055668836933611,42.629300334236206,25.604754445594764,3,0
21.348158499207045,639.4859597346982,35.21552157,0.5515391975287023,0.305650154,157.63420739728036,5.791150131252262,43.033319128105084,28.914976008898936,3,0
58.01178264565368,1002.6782813887128,30.818999572877235,1.102092155668626,0.5390982412340798,98.92553811923803,9.979537983,61.46095965041461,26.30945355318229,1,1
60.653861710536944,1425.3903775636134,33.49061757348878,1.810347429048676,0.24151756065918717,113.82584889077643,6.056517878,54.15070564219752,32.240502534531025,1,1
25.30955012311517,1650.7824333966903,31.698364488004856,1.7072744011187502,0.7547043398236282,115.65752374003121,14.438050211290461,70.13281220761098,25.04469091257433,1,0
50.090977681231976,657.3952676272623,32.80520853238685,2.1427767258013883,0.5653893179369494,84.12224055,18.054562475544483,73.75043499,31.133015136816987,3,0
70.09581420795794,1342.2268819392857,33.28811403397856,0.8623665581001656,0.37370608,99.63721486702929,6.870402472,68.46252796207933,23.41132593085294,3,1
24.905541916932314,986.5006296730634,33.927232449216575,2.095464526696428,0.18721089251274298,86.69825819070695,5.726814966324849,49.85934431585645,21.59138074921928,3,0
42.06698796315519,1738.725125847144,33.20918067905339,1.3878389090127556,0.5115690621919153,142.49329672479126,8.095720696922239,66.49445588517989,34.44177211971098,2,0
79.57788776715802,1501.390078345377,34.95975327718148,2.105621869649001,0.4870420318885178,111.37738811877328,23.493172191644934,54.858364035884286,30.57366699097004,2,0
35.47326112599214,597.2803917244526,31.145561608223378,0.740775158,0.8353664248429802,183.87036409280176,17.762798050325387,38.44168033262851,34.70077914464727,3,0
77.67143382943485,1573.7374470231327,28.984026360989965,1.1490236003506842,0.1640845812876818,141.70124843715894,12.135409806985024,54.66237465129929,26.709986399992815,3,1
64.273815,1005.3436876566602,35.64048409187991,2.003493984791681,0.8604262567635271,136.78127273052974,8.866784672241044,39.68945650116774,32.37962603634474,3,0
50.8540663,1766.8240978026056,35.85037672397797,1.7834687945971164,0.2250535765670887,57.92400295,7.578051701469979,79.21609894070207,23.414488037290887,2,1
60.08510819423877,1332.6274239534293,29.212760598400795,1.9629929280862781,0.409445794,119.59043951823364,14.83475886037979,54.53067879490995,20.145505323845633,2,1
48.45042974523951,608.2976134687638,28.968200003881545,1.6943106119806037,0.4065722927578014,186.43930866664167,14.21424342696551,62.71178899726589,26.939289079005942,3,0
74.00111851,721.1787900594259,32.07112444472845,1.7048988839331756,0.6933018299615111,51.063771916155645,9.573415027692068,66.44352547442979,33.962115085171426,1,1
46.49183008240262,507.4099714016144,28.929111681604205,1.6267907014252803,0.2895391951173788,197.5011153,23.95130252648086,35.030998861129504,21.753181408864087,1,0
64.72636845,1040.2046112072785,28.41884016149978,0.8414167266249604,0.7792784159669409,102.87215704150267,8.566630248564326,70.61586663570594,28.75787400962023,2,1
77.93792198447356,615.4298024438137,32.868218181571734,1.0557055521794245,0.22496120634447944,74.93829955245509,17.784036587799196,52.28649104514346,31.915763376392846,3,0
56.68725412607887,1520.3416688125299,30.076334265408722,1.9777333542660653,0.33812022205462433,187.37215222861158,11.338260276370885,62.61320029718851,30.74947905053047,1,1
54.40627328739717,585.6302841339723,28.220293758955723,1.2208536542829722,0.6134556134411483,57.748603567196156,12.921089548709334,71.25674378307096,26.782744090401618,1,1
69.78450822,1561.5214021113736,33.71539331256994,1.2862078151188021,0.3906042813406482,181.9089585210793,5.939288448153346,38.196013102347244,33.93891462796838,1,0
52.73700736,1447.3403301387807,31.888003950380824,1.0281239693874376,0.5187210967376066,154.24551996822137,14.396086428973632,72.48000875,26.80055908406236,1,1
